SEXO,proportion
F,50.75328392359463
M,49.24671607640537
